Wall time,Step,Value
1770941615.4023898,82,0.9051768183708191
1770941888.85799,165,0.924498975276947
1770942157.1128082,248,0.9219428300857544
1770942416.4584374,331,0.920388400554657
1770942673.3318722,414,0.9278167486190796
1770942931.022476,497,0.9144766926765442
1770943191.07256,580,0.9199097752571106
1770943448.258269,663,0.9203143119812012
1770943704.0741446,746,0.897007942199707
1770943961.5440464,829,0.9164897203445435
1770944220.4784079,912,0.8981209993362427
1770944474.4769044,995,0.9113337993621826
1770944731.8565376,1078,0.8827274441719055
1770944994.4981453,1161,0.9127877950668335
1770945249.831689,1244,0.9078657627105713
1770945511.2065847,1327,0.8955528736114502
1770945770.7296066,1410,0.9039753675460815
1770946027.5980997,1493,0.9055953025817871
1770946283.5183444,1576,0.9165276288986206
1770946540.1681983,1659,0.9129475355148315
1770946794.6325994,1742,0.9082527160644531
1770947050.8924336,1825,0.9123639464378357
1770947310.7533667,1908,0.9116338491439819
1770947570.7213793,1991,0.8965258598327637
1770947828.2698216,2074,0.9049532413482666
1770948085.473103,2157,0.9090181589126587
1770948343.883315,2240,0.8918607831001282
1770948600.7819066,2323,0.8963655233383179
1770948854.8086598,2406,0.8937080502510071
1770949107.9072392,2489,0.9046415090560913
1770949119.9478502,2490,0.9278167486190796
