Wall time,Step,Value
1770936481.1262052,82,0.8500270247459412
1770936616.3442073,165,0.879711925983429
1770936742.2886078,248,0.8841279745101929
1770936866.541572,331,0.8835119009017944
1770936978.7003381,414,0.8966940641403198
1770937088.678592,497,0.8947508335113525
1770937193.6575372,580,0.8902790546417236
1770937300.5825121,663,0.8927328586578369
1770937421.309285,746,0.9005296230316162
1770937552.7177563,829,0.900062084197998
1770937676.9508336,912,0.8800246715545654
1770937796.7764316,995,0.9051725268363953
1770937922.6372788,1078,0.8996771574020386
1770938042.4485493,1161,0.8989459872245789
1770938165.7624276,1244,0.9053750038146973
1770938292.7143142,1327,0.9005011916160583
1770938416.8836155,1410,0.896897554397583
1770938539.2090778,1493,0.9003356695175171
1770938663.7638185,1576,0.8950544595718384
1770938786.7731512,1659,0.9034337997436523
1770938909.4420872,1742,0.9059150815010071
1770939034.1577327,1825,0.9060981869697571
1770939160.0957773,1908,0.9018511176109314
1770939285.5129843,1991,0.8994992971420288
1770939399.141661,2074,0.8956892490386963
1770939511.3215027,2157,0.8976044058799744
1770939622.92924,2240,0.8975756168365479
1770939737.7285366,2323,0.891972541809082
1770939848.5621405,2406,0.896979570388794
1770939963.2466102,2489,0.8900067210197449
1770939967.6393094,2490,0.9060981869697571
