Wall time,Step,Value
1770951080.0727167,82,0.8896019458770752
1770951278.8939297,165,0.5740153789520264
1770951479.1267056,248,1.153876781463623
1770951681.760736,331,0.6474241018295288
1770951876.723466,414,0.8224160671234131
1770952071.636505,497,0.9189853072166443
1770952271.5488248,580,0.7556031942367554
1770952466.1355734,663,0.8321842551231384
1770952658.8913064,746,1.0048831701278687
1770952850.3513489,829,1.4135024547576904
1770953048.3322852,912,0.8452377319335938
1770953247.4514992,995,1.8266242742538452
1770953441.0553863,1078,0.8669527173042297
1770953631.9007864,1161,0.9379755258560181
1770953823.4922683,1244,0.9244418740272522
1770954016.286092,1327,1.0365207195281982
1770954208.1003366,1410,1.0014632940292358
1770954402.4928598,1493,1.0253348350524902
1770954592.3111355,1576,0.9732714295387268
1770954784.4537284,1659,1.090320110321045
1770954976.0715141,1742,1.1526708602905273
1770955166.6974463,1825,1.2373707294464111
1770955357.604391,1908,1.1281399726867676
1770955550.446487,1991,1.1093764305114746
1770955741.1231594,2074,1.2256474494934082
1770955934.0793378,2157,1.2835127115249634
1770956126.4134161,2240,1.1555966138839722
1770956315.7802465,2323,1.2869125604629517
1770956508.4185817,2406,1.216850996017456
1770956701.5448878,2489,1.3091808557510376
1770956710.277072,2490,0.5740153789520264
